,filename,class_id
0,100652-3-0-0.jpg,3
1,100652-3-0-1.jpg,3
2,100652-3-0-2.jpg,3
3,100652-3-0-3.jpg,3
4,102104-3-0-0.jpg,3
5,102858-5-0-0.jpg,5
6,102858-5-0-1.jpg,5
7,102871-8-0-0.jpg,8
8,102871-8-0-1.jpg,8
9,102871-8-0-10.jpg,8
10,102871-8-0-11.jpg,8
11,102871-8-0-12.jpg,8
12,102871-8-0-13.jpg,8
13,102871-8-0-14.jpg,8
14,102871-8-0-15.jpg,8
15,102871-8-0-2.jpg,8
16,102871-8-0-3.jpg,8
17,102871-8-0-4.jpg,8
18,102871-8-0-5.jpg,8
19,102871-8-0-6.jpg,8
20,102871-8-0-7.jpg,8
21,102871-8-0-8.jpg,8
22,102871-8-0-9.jpg,8
23,104817-4-0-0.jpg,4
24,104817-4-0-1.jpg,4
25,104817-4-0-10.jpg,4
26,104817-4-0-11.jpg,4
27,104817-4-0-2.jpg,4
28,104817-4-0-3.jpg,4
29,104817-4-0-4.jpg,4
30,104817-4-0-5.jpg,4
31,104817-4-0-6.jpg,4
32,104817-4-0-7.jpg,4
33,104817-4-0-8.jpg,4
34,104817-4-0-9.jpg,4
35,106015-5-0-0.jpg,5
36,106015-5-0-1.jpg,5
37,106015-5-0-10.jpg,5
38,106015-5-0-11.jpg,5
39,106015-5-0-12.jpg,5
40,106015-5-0-13.jpg,5
41,106015-5-0-14.jpg,5
42,106015-5-0-15.jpg,5
43,106015-5-0-16.jpg,5
44,106015-5-0-17.jpg,5
45,106015-5-0-18.jpg,5
46,106015-5-0-19.jpg,5
47,106015-5-0-2.jpg,5
48,106015-5-0-20.jpg,5
49,106015-5-0-3.jpg,5
50,106015-5-0-4.jpg,5
51,106015-5-0-5.jpg,5
52,106015-5-0-6.jpg,5
53,106015-5-0-7.jpg,5
54,106015-5-0-8.jpg,5
55,106015-5-0-9.jpg,5
56,108187-3-2-0.jpg,3
57,108187-3-3-0.jpg,3
58,108187-3-4-0.jpg,3
59,108187-3-6-0.jpg,3
60,109703-2-0-134.jpg,2
61,109703-2-0-14.jpg,2
62,109703-2-0-153.jpg,2
63,109703-2-0-29.jpg,2
64,109703-2-0-32.jpg,2
65,109703-2-0-48.jpg,2
66,109703-2-0-50.jpg,2
67,112195-3-0-38.jpg,3
68,112195-3-0-48.jpg,3
69,112195-3-0-57.jpg,3
70,112195-3-0-80.jpg,3
71,113201-5-0-0.jpg,5
72,113201-5-0-1.jpg,5
73,113201-5-0-2.jpg,5
74,113201-5-0-3.jpg,5
75,113201-5-0-4.jpg,5
76,113201-5-0-5.jpg,5
77,113201-5-0-6.jpg,5
78,113201-5-0-7.jpg,5
79,113785-3-0-0.jpg,3
80,113785-3-1-0.jpg,3
81,115537-3-0-0.jpg,3
82,118723-4-0-0.jpg,4
83,118962-3-0-0.jpg,3
84,123688-8-0-0.jpg,8
85,123688-8-0-1.jpg,8
86,123688-8-0-10.jpg,8
87,123688-8-0-11.jpg,8
88,123688-8-0-12.jpg,8
89,123688-8-0-13.jpg,8
90,123688-8-0-14.jpg,8
91,123688-8-0-15.jpg,8
92,123688-8-0-16.jpg,8
93,123688-8-0-17.jpg,8
94,123688-8-0-18.jpg,8
95,123688-8-0-2.jpg,8
96,123688-8-0-3.jpg,8
97,123688-8-0-4.jpg,8
98,123688-8-0-5.jpg,8
99,123688-8-0-6.jpg,8
100,123688-8-0-7.jpg,8
101,123688-8-0-8.jpg,8
102,123688-8-0-9.jpg,8
103,123688-8-1-0.jpg,8
104,123688-8-1-1.jpg,8
105,123688-8-1-2.jpg,8
106,123688-8-1-3.jpg,8
107,123688-8-1-4.jpg,8
108,123688-8-1-5.jpg,8
109,123688-8-2-0.jpg,8
110,123688-8-2-1.jpg,8
111,123688-8-2-2.jpg,8
112,123688-8-2-3.jpg,8
113,123688-8-2-4.jpg,8
114,127872-0-0-0.jpg,0
115,132073-1-0-0.jpg,1
116,132073-1-1-0.jpg,1
117,132073-1-2-0.jpg,1
118,132073-1-3-0.jpg,1
119,132073-1-4-0.jpg,1
120,132073-1-5-0.jpg,1
121,132073-1-6-0.jpg,1
122,14387-9-0-11.jpg,9
123,14387-9-0-12.jpg,9
124,14387-9-0-15.jpg,9
125,14387-9-0-16.jpg,9
126,14387-9-0-19.jpg,9
127,14387-9-0-7.jpg,9
128,143970-5-0-0.jpg,5
129,143970-5-0-1.jpg,5
130,143970-5-0-2.jpg,5
131,143970-5-0-3.jpg,5
132,145577-1-0-0.jpg,1
133,145608-6-0-0.jpg,6
134,145608-6-1-0.jpg,6
135,145608-6-2-0.jpg,6
136,145608-6-3-0.jpg,6
137,146690-0-0-100.jpg,0
138,146690-0-0-112.jpg,0
139,146690-0-0-115.jpg,0
140,146690-0-0-116.jpg,0
141,146690-0-0-117.jpg,0
142,146690-0-0-125.jpg,0
143,146690-0-0-137.jpg,0
144,146690-0-0-140.jpg,0
145,146690-0-0-151.jpg,0
146,146690-0-0-154.jpg,0
147,146690-0-0-155.jpg,0
148,146690-0-0-165.jpg,0
149,146690-0-0-17.jpg,0
150,146690-0-0-18.jpg,0
151,146690-0-0-25.jpg,0
152,146690-0-0-35.jpg,0
153,146690-0-0-38.jpg,0
154,146690-0-0-43.jpg,0
155,146690-0-0-47.jpg,0
156,146690-0-0-64.jpg,0
157,146690-0-0-8.jpg,0
158,146690-0-0-80.jpg,0
159,146690-0-0-86.jpg,0
160,146690-0-0-87.jpg,0
161,146690-0-0-93.jpg,0
162,147672-3-0-0.jpg,3
163,147672-3-1-0.jpg,3
164,147672-3-2-0.jpg,3
165,14780-9-0-0.jpg,9
166,14780-9-0-1.jpg,9
167,14780-9-0-2.jpg,9
168,147926-0-0-10.jpg,0
169,147926-0-0-11.jpg,0
170,147926-0-0-12.jpg,0
171,147926-0-0-16.jpg,0
172,147926-0-0-17.jpg,0
173,147926-0-0-2.jpg,0
174,147926-0-0-20.jpg,0
175,147926-0-0-21.jpg,0
176,147926-0-0-27.jpg,0
177,147926-0-0-28.jpg,0
178,147926-0-0-34.jpg,0
179,147926-0-0-35.jpg,0
180,147926-0-0-36.jpg,0
181,147926-0-0-37.jpg,0
182,147926-0-0-39.jpg,0
183,147926-0-0-4.jpg,0
184,147926-0-0-41.jpg,0
185,147926-0-0-42.jpg,0
186,147926-0-0-44.jpg,0
187,147926-0-0-5.jpg,0
188,147926-0-0-50.jpg,0
189,147926-0-0-52.jpg,0
190,147926-0-0-54.jpg,0
191,147926-0-0-7.jpg,0
192,149177-6-0-0.jpg,6
193,149254-9-0-25.jpg,9
194,149254-9-0-29.jpg,9
195,149254-9-0-30.jpg,9
196,149254-9-0-42.jpg,9
197,149254-9-0-51.jpg,9
198,149254-9-0-56.jpg,9
199,149370-9-0-15.jpg,9
200,149370-9-0-19.jpg,9
201,149370-9-0-21.jpg,9
202,149370-9-0-22.jpg,9
203,149370-9-0-32.jpg,9
204,149370-9-0-37.jpg,9
205,152908-5-0-0.jpg,5
206,152908-5-0-1.jpg,5
207,152908-5-0-10.jpg,5
208,152908-5-0-11.jpg,5
209,152908-5-0-12.jpg,5
210,152908-5-0-13.jpg,5
211,152908-5-0-2.jpg,5
212,152908-5-0-3.jpg,5
213,152908-5-0-4.jpg,5
214,152908-5-0-5.jpg,5
215,152908-5-0-6.jpg,5
216,152908-5-0-7.jpg,5
217,152908-5-0-8.jpg,5
218,152908-5-0-9.jpg,5
219,155129-1-0-0.jpg,1
220,155129-1-1-0.jpg,1
221,155129-1-2-0.jpg,1
222,155219-2-0-0.jpg,2
223,155219-2-0-1.jpg,2
224,155219-2-0-22.jpg,2
225,155219-2-0-24.jpg,2
226,155219-2-0-25.jpg,2
227,155219-2-0-26.jpg,2
228,155219-2-0-51.jpg,2
229,155219-2-0-57.jpg,2
230,155234-1-0-0.jpg,1
231,156893-7-0-0.jpg,7
232,156893-7-1-0.jpg,7
233,156893-7-10-0.jpg,7
234,156893-7-11-0.jpg,7
235,156893-7-2-0.jpg,7
236,156893-7-3-0.jpg,7
237,156893-7-4-0.jpg,7
238,156893-7-5-0.jpg,7
239,156893-7-6-0.jpg,7
240,156893-7-7-0.jpg,7
241,156893-7-8-0.jpg,7
242,156893-7-9-0.jpg,7
243,158597-2-0-16.jpg,2
244,158597-2-0-2.jpg,2
245,158597-2-0-3.jpg,2
246,158597-2-0-30.jpg,2
247,158597-2-0-33.jpg,2
248,158597-2-0-41.jpg,2
249,158597-2-0-57.jpg,2
250,158597-2-0-85.jpg,2
251,158607-3-0-0.jpg,3
252,158607-3-1-0.jpg,3
253,158607-3-2-0.jpg,3
254,159710-6-0-0.jpg,6
255,159743-8-0-0.jpg,8
256,159747-8-0-0.jpg,8
257,159747-8-0-1.jpg,8
258,159747-8-0-10.jpg,8
259,159747-8-0-11.jpg,8
260,159747-8-0-12.jpg,8
261,159747-8-0-13.jpg,8
262,159747-8-0-14.jpg,8
263,159747-8-0-15.jpg,8
264,159747-8-0-16.jpg,8
265,159747-8-0-17.jpg,8
266,159747-8-0-18.jpg,8
267,159747-8-0-19.jpg,8
268,159747-8-0-2.jpg,8
269,159747-8-0-20.jpg,8
270,159747-8-0-21.jpg,8
271,159747-8-0-3.jpg,8
272,159747-8-0-4.jpg,8
273,159747-8-0-5.jpg,8
274,159747-8-0-6.jpg,8
275,159747-8-0-7.jpg,8
276,159747-8-0-8.jpg,8
277,159747-8-0-9.jpg,8
278,159750-8-0-0.jpg,8
279,159750-8-0-1.jpg,8
280,159750-8-0-2.jpg,8
281,159750-8-0-3.jpg,8
282,159750-8-0-4.jpg,8
283,159750-8-0-5.jpg,8
284,159750-8-0-6.jpg,8
285,159750-8-0-7.jpg,8
286,159750-8-0-8.jpg,8
287,160011-2-0-0.jpg,2
288,160011-2-0-1.jpg,2
289,160011-2-0-12.jpg,2
290,160011-2-0-3.jpg,2
291,160011-2-0-34.jpg,2
292,160011-2-0-5.jpg,2
293,160011-2-0-7.jpg,2
294,160011-2-0-9.jpg,2
295,160092-3-0-0.jpg,3
296,160366-3-0-13.jpg,3
297,160366-3-0-4.jpg,3
298,160366-3-0-7.jpg,3
299,160366-3-0-8.jpg,3
300,162541-1-0-0.jpg,1
301,162541-1-1-0.jpg,1
302,162541-1-2-0.jpg,1
303,163460-6-0-0.jpg,6
304,165643-4-0-0.jpg,4
305,165775-7-0-0.jpg,7
306,165775-7-1-0.jpg,7
307,166421-3-0-29.jpg,3
308,166421-3-0-31.jpg,3
309,166421-3-0-5.jpg,3
310,168713-9-0-32.jpg,9
311,168713-9-0-33.jpg,9
312,168713-9-0-38.jpg,9
313,168713-9-0-46.jpg,9
314,168713-9-0-62.jpg,9
315,168713-9-0-82.jpg,9
316,169098-7-0-0.jpg,7
317,169098-7-0-1.jpg,7
318,169098-7-0-2.jpg,7
319,169098-7-0-3.jpg,7
320,169098-7-0-4.jpg,7
321,169098-7-0-5.jpg,7
322,169098-7-0-6.jpg,7
323,169098-7-0-7.jpg,7
324,169098-7-0-8.jpg,7
325,169098-7-0-9.jpg,7
326,169098-7-1-0.jpg,7
327,169098-7-2-0.jpg,7
328,169098-7-3-0.jpg,7
329,169098-7-3-1.jpg,7
330,169098-7-4-0.jpg,7
331,169098-7-4-1.jpg,7
332,169098-7-4-10.jpg,7
333,169098-7-4-11.jpg,7
334,169098-7-4-2.jpg,7
335,169098-7-4-3.jpg,7
336,169098-7-4-4.jpg,7
337,169098-7-4-5.jpg,7
338,169098-7-4-6.jpg,7
339,169098-7-4-7.jpg,7
340,169098-7-4-8.jpg,7
341,169098-7-4-9.jpg,7
342,172593-2-0-10.jpg,2
343,172593-2-0-13.jpg,2
344,172593-2-0-14.jpg,2
345,172593-2-0-18.jpg,2
346,172593-2-0-22.jpg,2
347,172593-2-0-27.jpg,2
348,172593-2-0-28.jpg,2
349,172593-2-0-29.jpg,2
350,17307-1-0-0.jpg,1
351,173995-3-0-0.jpg,3
352,173995-3-0-11.jpg,3
353,173995-3-0-27.jpg,3
354,173995-3-0-3.jpg,3
355,174293-6-0-0.jpg,6
356,174293-6-1-0.jpg,6
357,174293-6-2-0.jpg,6
358,174906-2-0-10.jpg,2
359,174906-2-0-11.jpg,2
360,174906-2-0-14.jpg,2
361,174906-2-0-18.jpg,2
362,174906-2-0-20.jpg,2
363,174906-2-0-21.jpg,2
364,174906-2-0-6.jpg,2
365,174906-2-0-8.jpg,2
366,174994-3-0-0.jpg,3
367,174994-3-0-1.jpg,3
368,174994-3-0-2.jpg,3
369,174994-3-0-4.jpg,3
370,175844-1-0-0.jpg,1
371,176634-1-0-0.jpg,1
372,177592-5-0-0.jpg,5
373,177592-5-0-1.jpg,5
374,177592-5-0-10.jpg,5
375,177592-5-0-2.jpg,5
376,177592-5-0-3.jpg,5
377,177592-5-0-4.jpg,5
378,177592-5-0-5.jpg,5
379,177592-5-0-6.jpg,5
380,177592-5-0-7.jpg,5
381,177592-5-0-8.jpg,5
382,177592-5-0-9.jpg,5
383,178520-2-0-11.jpg,2
384,178520-2-0-23.jpg,2
385,178520-2-0-27.jpg,2
386,178520-2-0-28.jpg,2
387,178520-2-0-29.jpg,2
388,178520-2-0-38.jpg,2
389,178520-2-0-39.jpg,2
390,178520-2-0-42.jpg,2
391,178521-2-0-18.jpg,2
392,178521-2-0-2.jpg,2
393,178521-2-0-22.jpg,2
394,178521-2-0-69.jpg,2
395,178521-2-0-7.jpg,2
396,178521-2-0-70.jpg,2
397,178521-2-0-86.jpg,2
398,178521-2-0-93.jpg,2
399,179096-3-0-1.jpg,3
400,179096-3-0-10.jpg,3
401,179096-3-0-5.jpg,3
402,179096-3-0-9.jpg,3
403,179864-1-0-0.jpg,1
404,179866-1-0-0.jpg,1
405,179866-1-1-0.jpg,1
406,180126-4-0-0.jpg,4
407,180126-4-1-0.jpg,4
408,180126-4-1-1.jpg,4
409,180126-4-1-2.jpg,4
410,180126-4-2-0.jpg,4
411,180126-4-3-0.jpg,4
412,180126-4-4-0.jpg,4
413,180126-4-4-1.jpg,4
414,180126-4-4-2.jpg,4
415,182739-2-0-13.jpg,2
416,182739-2-0-17.jpg,2
417,182739-2-0-24.jpg,2
418,182739-2-0-35.jpg,2
419,182739-2-0-56.jpg,2
420,182739-2-0-62.jpg,2
421,182739-2-0-78.jpg,2
422,182739-2-0-85.jpg,2
423,18453-3-0-0.jpg,3
424,185800-4-0-0.jpg,4
425,185800-4-0-1.jpg,4
426,185800-4-1-0.jpg,4
427,185800-4-2-0.jpg,4
428,185800-4-2-1.jpg,4
429,185800-4-2-2.jpg,4
430,18581-3-0-0.jpg,3
431,18581-3-0-5.jpg,3
432,18581-3-1-1.jpg,3
433,18581-3-1-3.jpg,3
434,189023-0-0-0.jpg,0
435,189023-0-0-1.jpg,0
436,189023-0-0-10.jpg,0
437,189023-0-0-11.jpg,0
438,189023-0-0-12.jpg,0
439,189023-0-0-13.jpg,0
440,189023-0-0-2.jpg,0
441,189023-0-0-3.jpg,0
442,189023-0-0-4.jpg,0
443,189023-0-0-5.jpg,0
444,189023-0-0-6.jpg,0
445,189023-0-0-7.jpg,0
446,189023-0-0-8.jpg,0
447,189023-0-0-9.jpg,0
448,189991-0-0-0.jpg,0
449,189991-0-0-1.jpg,0
450,189991-0-0-2.jpg,0
451,189991-0-0-3.jpg,0
452,189991-0-0-4.jpg,0
453,189991-0-0-5.jpg,0
454,189991-0-0-6.jpg,0
455,189991-0-0-7.jpg,0
456,19218-3-0-0.jpg,3
457,192269-2-0-1.jpg,2
458,192269-2-0-11.jpg,2
459,192269-2-0-18.jpg,2
460,192269-2-0-24.jpg,2
461,192269-2-0-35.jpg,2
462,192269-2-0-37.jpg,2
463,192269-2-0-54.jpg,2
464,192269-2-0-56.jpg,2
465,194841-9-0-130.jpg,9
466,194841-9-0-144.jpg,9
467,194841-9-0-164.jpg,9
468,194841-9-0-178.jpg,9
469,194841-9-0-222.jpg,9
470,194841-9-0-48.jpg,9
471,196063-2-0-0.jpg,2
472,196063-2-0-1.jpg,2
473,196063-2-0-2.jpg,2
474,196067-2-0-0.jpg,2
475,196078-2-0-0.jpg,2
476,196082-2-0-0.jpg,2
477,196384-9-0-11.jpg,9
478,196384-9-0-15.jpg,9
479,196384-9-0-16.jpg,9
480,196384-9-0-18.jpg,9
481,196384-9-0-2.jpg,9
482,196384-9-0-27.jpg,9
483,197320-6-0-0.jpg,6
484,197320-6-1-0.jpg,6
485,197320-6-10-0.jpg,6
486,197320-6-11-0.jpg,6
487,197320-6-12-0.jpg,6
488,197320-6-2-0.jpg,6
489,197320-6-3-0.jpg,6
490,197320-6-4-0.jpg,6
491,197320-6-5-0.jpg,6
492,197320-6-6-0.jpg,6
493,197320-6-7-0.jpg,6
494,197320-6-8-0.jpg,6
495,197320-6-9-0.jpg,6
496,201652-5-0-0.jpg,5
497,201652-5-0-1.jpg,5
498,201652-5-0-2.jpg,5
499,201652-5-0-3.jpg,5
500,201652-5-1-0.jpg,5
501,201652-5-2-0.jpg,5
502,201652-5-2-1.jpg,5
503,201652-5-2-2.jpg,5
504,201652-5-2-3.jpg,5
505,201652-5-2-4.jpg,5
506,201652-5-2-5.jpg,5
507,201652-5-3-0.jpg,5
508,201652-5-3-1.jpg,5
509,201652-5-3-2.jpg,5
510,201652-5-3-3.jpg,5
511,201652-5-3-4.jpg,5
512,201652-5-4-0.jpg,5
513,201652-5-4-1.jpg,5
514,201652-5-4-2.jpg,5
515,201652-5-4-3.jpg,5
516,201652-5-4-4.jpg,5
517,201652-5-4-5.jpg,5
518,201652-5-4-6.jpg,5
519,201652-5-4-7.jpg,5
520,201652-5-4-8.jpg,5
521,201652-5-4-9.jpg,5
522,201652-5-5-0.jpg,5
523,201652-5-5-1.jpg,5
524,201652-5-5-2.jpg,5
525,201652-5-5-3.jpg,5
526,201652-5-5-4.jpg,5
527,201652-5-5-5.jpg,5
528,203128-3-1-0.jpg,3
529,203128-3-3-0.jpg,3
530,203128-3-6-0.jpg,3
531,203128-3-9-0.jpg,3
532,203929-7-1-0.jpg,7
533,203929-7-1-1.jpg,7
534,203929-7-1-2.jpg,7
535,203929-7-1-3.jpg,7
536,203929-7-1-6.jpg,7
537,203929-7-1-7.jpg,7
538,203929-7-1-8.jpg,7
539,203929-7-10-0.jpg,7
540,203929-7-10-1.jpg,7
541,203929-7-10-2.jpg,7
542,203929-7-2-0.jpg,7
543,203929-7-2-11.jpg,7
544,203929-7-2-2.jpg,7
545,203929-7-2-3.jpg,7
546,203929-7-2-5.jpg,7
547,203929-7-2-6.jpg,7
548,203929-7-2-8.jpg,7
549,203929-7-2-9.jpg,7
550,203929-7-3-1.jpg,7
551,203929-7-3-10.jpg,7
552,203929-7-3-2.jpg,7
553,203929-7-3-3.jpg,7
554,203929-7-3-5.jpg,7
555,203929-7-3-9.jpg,7
556,203929-7-4-0.jpg,7
557,203929-7-4-1.jpg,7
558,203929-7-4-10.jpg,7
559,203929-7-4-11.jpg,7
560,203929-7-4-12.jpg,7
561,203929-7-4-2.jpg,7
562,203929-7-4-4.jpg,7
563,203929-7-4-6.jpg,7
564,203929-7-4-7.jpg,7
565,203929-7-4-8.jpg,7
566,203929-7-5-0.jpg,7
567,203929-7-5-1.jpg,7
568,203929-7-5-10.jpg,7
569,203929-7-5-11.jpg,7
570,203929-7-5-6.jpg,7
571,203929-7-5-7.jpg,7
572,203929-7-6-1.jpg,7
573,203929-7-6-10.jpg,7
574,203929-7-6-11.jpg,7
575,203929-7-6-2.jpg,7
576,203929-7-6-3.jpg,7
577,203929-7-6-8.jpg,7
578,203929-7-6-9.jpg,7
579,203929-7-7-0.jpg,7
580,203929-7-7-10.jpg,7
581,203929-7-7-12.jpg,7
582,203929-7-7-13.jpg,7
583,203929-7-7-14.jpg,7
584,203929-7-7-15.jpg,7
585,203929-7-7-16.jpg,7
586,203929-7-7-2.jpg,7
587,203929-7-7-3.jpg,7
588,203929-7-7-4.jpg,7
589,203929-7-7-9.jpg,7
590,203929-7-8-0.jpg,7
591,203929-7-9-0.jpg,7
592,203929-7-9-11.jpg,7
593,203929-7-9-12.jpg,7
594,203929-7-9-15.jpg,7
595,203929-7-9-17.jpg,7
596,203929-7-9-18.jpg,7
597,203929-7-9-19.jpg,7
598,203929-7-9-20.jpg,7
599,203929-7-9-24.jpg,7
600,203929-7-9-4.jpg,7
601,203929-7-9-6.jpg,7
602,203929-7-9-8.jpg,7
603,203929-7-9-9.jpg,7
604,204773-3-7-1.jpg,3
605,204773-3-8-0.jpg,3
606,204773-3-9-0.jpg,3
607,204773-3-9-1.jpg,3
608,22347-3-0-0.jpg,3
609,22347-3-1-1.jpg,3
610,22347-3-1-2.jpg,3
611,22347-3-3-0.jpg,3
612,23131-3-0-0.jpg,3
613,23131-3-2-0.jpg,3
614,23131-3-4-0.jpg,3
615,23131-3-5-0.jpg,3
616,27349-3-0-2.jpg,3
617,27349-3-0-6.jpg,3
618,27349-3-1-2.jpg,3
619,27349-3-2-1.jpg,3
620,33849-3-0-0.jpg,3
621,33849-3-2-0.jpg,3
622,33849-3-3-0.jpg,3
623,33849-3-4-0.jpg,3
624,34621-4-0-0.jpg,4
625,34621-4-1-0.jpg,4
626,34621-4-11-0.jpg,4
627,34621-4-12-0.jpg,4
628,34621-4-13-0.jpg,4
629,34621-4-14-0.jpg,4
630,34621-4-15-0.jpg,4
631,34621-4-16-0.jpg,4
632,34621-4-17-0.jpg,4
633,34621-4-18-0.jpg,4
634,34621-4-2-0.jpg,4
635,34621-4-20-0.jpg,4
636,34621-4-21-0.jpg,4
637,34621-4-22-0.jpg,4
638,34621-4-24-0.jpg,4
639,34621-4-25-0.jpg,4
640,34621-4-26-0.jpg,4
641,34621-4-27-0.jpg,4
642,34621-4-4-0.jpg,4
643,34621-4-5-0.jpg,4
644,34621-4-7-0.jpg,4
645,34621-4-8-0.jpg,4
646,35800-6-0-0.jpg,6
647,37236-6-0-0.jpg,6
648,39970-9-0-108.jpg,9
649,39970-9-0-142.jpg,9
650,39970-9-0-41.jpg,9
651,39970-9-0-46.jpg,9
652,39970-9-0-54.jpg,9
653,39970-9-0-98.jpg,9
654,40717-8-0-0.jpg,8
655,40717-8-0-1.jpg,8
656,40717-8-0-2.jpg,8
657,40717-8-0-3.jpg,8
658,40717-8-0-4.jpg,8
659,40717-8-0-5.jpg,8
660,40717-8-0-6.jpg,8
661,4201-3-0-0.jpg,3
662,4201-3-1-0.jpg,3
663,4201-3-2-0.jpg,3
664,4201-3-3-0.jpg,3
665,44735-5-0-0.jpg,5
666,44735-5-0-1.jpg,5
667,46655-6-0-0.jpg,6
668,46668-4-0-0.jpg,4
669,46668-4-0-1.jpg,4
670,46668-4-0-2.jpg,4
671,4911-3-0-0.jpg,3
672,49808-3-0-6.jpg,3
673,49808-3-1-22.jpg,3
674,49808-3-1-8.jpg,3
675,50416-4-0-0.jpg,4
676,50416-4-0-1.jpg,4
677,50416-4-0-2.jpg,4
678,50898-5-0-0.jpg,5
679,54545-3-0-0.jpg,3
680,54545-3-0-1.jpg,3
681,54545-3-0-2.jpg,3
682,56385-0-0-0.jpg,0
683,56385-0-0-1.jpg,0
684,56385-0-0-2.jpg,0
685,58202-1-0-0.jpg,1
686,59594-4-0-0.jpg,4
687,59594-4-0-1.jpg,4
688,59594-4-0-2.jpg,4
689,59594-4-0-3.jpg,4
690,59594-4-0-4.jpg,4
691,60591-2-0-11.jpg,2
692,60591-2-0-12.jpg,2
693,60591-2-0-15.jpg,2
694,60591-2-0-16.jpg,2
695,60591-2-0-2.jpg,2
696,60591-2-0-4.jpg,2
697,60591-2-0-7.jpg,2
698,60591-2-0-8.jpg,2
699,60605-9-0-34.jpg,9
700,60605-9-0-52.jpg,9
701,60605-9-0-64.jpg,9
702,60605-9-0-73.jpg,9
703,60605-9-0-90.jpg,9
704,60605-9-0-95.jpg,9
705,63261-3-0-0.jpg,3
706,63261-3-0-1.jpg,3
707,66996-8-1-0.jpg,8
708,66996-8-3-0.jpg,8
709,69883-3-0-20.jpg,3
710,69883-3-0-5.jpg,3
711,69883-3-0-9.jpg,3
712,71080-4-0-0.jpg,4
713,71080-4-1-0.jpg,4
714,72539-3-0-1.jpg,3
715,72539-3-0-5.jpg,3
716,72539-3-0-6.jpg,3
717,72539-3-0-8.jpg,3
718,72567-1-0-0.jpg,1
719,72567-1-0-1.jpg,1
720,72567-1-1-0.jpg,1
721,72567-1-2-0.jpg,1
722,72567-1-2-1.jpg,1
723,72567-1-2-2.jpg,1
724,72567-1-2-3.jpg,1
725,72567-1-2-4.jpg,1
726,72567-1-2-5.jpg,1
727,72567-1-3-0.jpg,1
728,72567-1-4-0.jpg,1
729,72567-1-4-1.jpg,1
730,72567-1-4-2.jpg,1
731,72567-1-4-3.jpg,1
732,72567-1-4-4.jpg,1
733,72567-1-4-5.jpg,1
734,72567-1-4-6.jpg,1
735,72567-1-4-7.jpg,1
736,72567-1-5-0.jpg,1
737,73623-7-0-0.jpg,7
738,73623-7-1-0.jpg,7
739,73623-7-1-1.jpg,7
740,73623-7-2-0.jpg,7
741,73623-7-3-0.jpg,7
742,73623-7-4-0.jpg,7
743,73623-7-5-0.jpg,7
744,73623-7-6-0.jpg,7
745,74226-9-0-0.jpg,9
746,74226-9-0-10.jpg,9
747,74226-9-0-13.jpg,9
748,74226-9-0-14.jpg,9
749,74226-9-0-21.jpg,9
750,74226-9-0-6.jpg,9
751,74226-9-0-7.jpg,9
752,74458-9-0-5.jpg,9
753,74458-9-0-7.jpg,9
754,74458-9-1-12.jpg,9
755,74458-9-1-13.jpg,9
756,74458-9-1-5.jpg,9
757,74458-9-2-18.jpg,9
758,74495-3-0-0.jpg,3
759,74495-3-0-1.jpg,3
760,74507-0-0-0.jpg,0
761,74507-0-0-1.jpg,0
762,74507-0-0-10.jpg,0
763,74507-0-0-11.jpg,0
764,74507-0-0-12.jpg,0
765,74507-0-0-13.jpg,0
766,74507-0-0-14.jpg,0
767,74507-0-0-15.jpg,0
768,74507-0-0-16.jpg,0
769,74507-0-0-17.jpg,0
770,74507-0-0-18.jpg,0
771,74507-0-0-2.jpg,0
772,74507-0-0-20.jpg,0
773,74507-0-0-22.jpg,0
774,74507-0-0-23.jpg,0
775,74507-0-0-24.jpg,0
776,74507-0-0-25.jpg,0
777,74507-0-0-27.jpg,0
778,74507-0-0-28.jpg,0
779,74507-0-0-3.jpg,0
780,74507-0-0-4.jpg,0
781,74507-0-0-5.jpg,0
782,74507-0-0-6.jpg,0
783,74507-0-0-8.jpg,0
784,74507-0-0-9.jpg,0
785,76086-4-0-12.jpg,4
786,76086-4-0-14.jpg,4
787,76086-4-0-17.jpg,4
788,76086-4-0-18.jpg,4
789,76086-4-0-19.jpg,4
790,76086-4-0-2.jpg,4
791,76086-4-0-22.jpg,4
792,76086-4-0-23.jpg,4
793,76086-4-0-24.jpg,4
794,76086-4-0-27.jpg,4
795,76086-4-0-29.jpg,4
796,76086-4-0-3.jpg,4
797,76086-4-0-32.jpg,4
798,76086-4-0-36.jpg,4
799,76086-4-0-38.jpg,4
800,76086-4-0-43.jpg,4
801,76086-4-0-50.jpg,4
802,76086-4-0-53.jpg,4
803,76086-4-0-55.jpg,4
804,76086-4-0-56.jpg,4
805,76086-4-0-58.jpg,4
806,76089-6-0-0.jpg,6
807,76090-6-0-0.jpg,6
808,76090-6-1-0.jpg,6
809,76091-6-0-0.jpg,6
810,76091-6-1-0.jpg,6
811,76091-6-2-0.jpg,6
812,76091-6-3-0.jpg,6
813,76091-6-4-0.jpg,6
814,76091-6-5-0.jpg,6
815,77751-4-0-0.jpg,4
816,77751-4-0-1.jpg,4
817,77751-4-1-0.jpg,4
818,77751-4-1-1.jpg,4
819,77751-4-2-0.jpg,4
820,77751-4-3-0.jpg,4
821,77751-4-4-0.jpg,4
822,77751-4-5-0.jpg,4
823,77751-4-6-0.jpg,4
824,77751-4-7-0.jpg,4
825,77751-4-8-0.jpg,4
826,77751-4-9-0.jpg,4
827,77751-4-9-1.jpg,4
828,77751-4-9-2.jpg,4
829,77751-4-9-3.jpg,4
830,79377-9-0-10.jpg,9
831,79377-9-0-12.jpg,9
832,79377-9-0-13.jpg,9
833,79377-9-0-2.jpg,9
834,79377-9-0-4.jpg,9
835,79377-9-0-8.jpg,9
836,84359-2-0-0.jpg,2
837,84359-2-0-1.jpg,2
838,84359-2-0-2.jpg,2
839,84359-2-0-5.jpg,2
840,84359-2-0-6.jpg,2
841,84359-2-0-8.jpg,2
842,84359-2-0-9.jpg,2
843,89211-3-0-0.jpg,3
844,91396-8-0-0.jpg,8
845,91396-8-0-1.jpg,8
846,91396-8-0-2.jpg,8
847,91396-8-0-3.jpg,8
848,93193-9-0-4.jpg,9
849,93193-9-1-11.jpg,9
850,93193-9-1-18.jpg,9
851,93193-9-1-19.jpg,9
852,93193-9-1-22.jpg,9
853,93193-9-1-6.jpg,9
854,94401-1-0-0.jpg,1
855,94710-5-0-0.jpg,5
856,94710-5-0-1.jpg,5
857,94710-5-0-2.jpg,5
858,94710-5-0-3.jpg,5
859,94710-5-1-0.jpg,5
860,96169-9-1-10.jpg,9
861,96169-9-1-3.jpg,9
862,96169-9-1-49.jpg,9
863,96169-9-1-55.jpg,9
864,96169-9-1-61.jpg,9
865,96169-9-1-74.jpg,9
866,96475-9-0-0.jpg,9
867,96475-9-0-3.jpg,9
868,96475-9-0-4.jpg,9
869,96475-9-0-5.jpg,9
870,96475-9-0-6.jpg,9
871,96475-9-0-9.jpg,9
872,96920-9-0-0.jpg,9
873,96920-9-0-11.jpg,9
874,96920-9-0-13.jpg,9
875,96920-9-0-2.jpg,9
876,96920-9-0-3.jpg,9
877,96920-9-0-8.jpg,9
878,97193-3-0-0.jpg,3
879,97193-3-0-1.jpg,3
880,97193-3-0-4.jpg,3
881,97193-3-0-6.jpg,3
882,98202-9-0-10.jpg,9
883,98202-9-0-4.jpg,9
884,98202-9-0-7.jpg,9
885,98202-9-1-20.jpg,9
886,98202-9-1-27.jpg,9
887,98202-9-1-5.jpg,9
